Date,Open,High,Low,Close,Volume,Adj_Close,MA5,MA10,MA20,MA50,EMA5,EMA10,EMA20,EMA12,EMA26,MACD,MACD_Signal,MACD_Hist,RSI,BB_Middle,BB_Std,BB_Upper,BB_Lower,BB_Width,ATR,Volume_Change,Volume_MA10,Volume_Ratio,ROC5,ROC10,ROC20,Close_MA20,Volatility,Target,Close_Ratio,High_Low_Ratio,Open_Close_Ratio,Signal,Position,Cash,Holdings,Equity,Returns,Cumulative_Returns
2024-07-30,40728.75,41074.05078125,40657.05078125,40851.1015625,17800.0,40851.1015625,40696.08125,40334.700390625,39160.4052734375,36343.75515625,40653.92851427228,40198.634894186995,39205.60381979557,39997.196235946394,38676.1302499693,1321.0659859770967,1283.8675979391517,37.19838803794505,87.27464177585216,39160.4052734375,1346.1477687053186,41852.70081084814,36468.10973602686,0.13750090269044393,756.7061941964286,0.22758620689655173,33580.0,0.5300774270399047,1.8348494316104302,4.36774666913633,9.522879941754692,39160.4052734375,0.03437522567261097,0,1.0431736157288776,1.0102565235792338,0.99700493847607,0,0,1000000.0,0.0,1000000.0,0.0,0.0
2024-07-31,40862.3984375,41036.05078125,40537.19921875,40709.3984375,20100.0,40709.3984375,40826.8609375,40404.600390625,39330.1576171875,36490.348125,40672.41848868152,40291.500992971174,39348.82235481504,40106.76580541618,38826.742708304904,1280.023097111276,1283.0986977735765,-3.0756006623005305,84.60469957167447,39330.1576171875,1314.8005820994076,41959.758781386314,36700.55645298868,0.1337193300771144,754.6350446428571,0.1292134831460674,31420.0,0.6397199236155315,1.6324810263259826,1.747045836326544,9.098501602830854,39330.1576171875,0.0334298325192786,0,1.0350682759458296,1.0123060194614841,1.0037583458825827,0,0,1000000.0,0.0,1000000.0,0.0,0.0
2024-08-01,40346.55078125,40632.25,39662.6484375,39730.30078125,24200.0,39730.30078125,40577.45078125,40385.300390625,39430.377734375,36612.692109375,40358.37925287102,40189.464590840056,39385.15363352313,40048.848109390616,38893.672935930466,1155.1751734601494,1257.5139929108911,-102.33881945074177,58.48529978246546,39430.377734375,1261.3880500097957,41953.15383439459,36907.60163435541,0.12796104145967943,693.3244977678571,0.20398009950248763,27450.0,0.8816029143897997,-3.043268375575614,-0.4834269617572384,5.313067221104539,39430.377734375,0.03199026036491988,0,1.0076063954775034,1.024446213268584,1.0155108314782966,0,0,1000000.0,0.0,1000000.0,0.0,0.0
2024-08-04,38822.55078125,39044.69921875,37829.1015625,38435.94921875,33000.0,38435.94921875,40100.6203125,40251.58046875,39466.1376953125,36700.5540625,39717.569241497346,39870.64361409641,39294.75321306854,39800.709818522824,38859.76747539858,940.9423431242467,1194.1996629535622,-253.25731982931552,45.55740588101734,39466.1376953125,1219.8227228374694,41905.78314098744,37026.49224963756,0.12363233841170654,776.5993303571429,0.36363636363636354,25030.0,1.3184178985217738,-5.8406330520751055,-3.3620652909871818,1.8960365813246005,39466.1376953125,0.0309080846029266,1,0.9738969015788728,1.0321339288019207,1.010058332638014,1,0,1000000.0,0.0,1000000.0,0.0,0.0
2024-08-05,38565.8515625,39395.3984375,38551.69921875,38624.19921875,21500.0,38624.19921875,39670.18984375,40109.53046875,39510.23515625,36796.55203125,39353.11256724823,39644.01736039706,39230.89092789534,39619.70818778854,38842.31797490609,777.3902128824557,1110.837772939341,-333.4475600568853,45.127714949856625,39510.23515625,1169.1103662030605,41848.45588865612,37172.01442384387,0.11836025390176642,805.8850446428571,-0.3484848484848485,24100.0,0.8921161825726142,-5.277942388865487,-3.547285977203407,2.3367690552364984,39510.23515625,0.02959006347544157,1,0.9775745212855348,1.021884877601962,0.9984893497488571,1,24,73019.21875,926980.78125,1000000.0,0.0,0.0
2024-08-06,39269.05078125,39427.1015625,38882.94921875,39194.80078125,16000.0,39194.80078125,39338.9296875,40017.50546875,39586.5427734375,36900.543046875,39300.34197191549,39562.34161873395,39227.453771071974,39554.337817551845,38868.42781241304,685.9100051388014,1025.852219379233,-339.94221424043167,41.86080417015231,39586.5427734375,1089.6924257582787,41765.927624954056,37407.15792192094,0.11010735966460414,787.1389508928571,-0.2558139534883721,23580.0,0.6785411365564037,-4.0544825424498,-2.294026760724255,4.051518721947778,39586.5427734375,0.02752683991615101,0,0.9901041625577277,1.013994626299787,1.0018943839111314,0,24,73019.21875,940675.21875,1013694.4375,0.0136944375000001,0.0136944375000001
2024-08-07,39030.5,39098.75,38371.1484375,38448.30078125,21600.0,38448.30078125,38886.71015625,39856.785546875,39644.9203125,36991.89203125,39016.32824169366,39359.78873919141,39153.248724422265,39384.17827350541,38837.30729158615,546.8709819192591,930.0559718872382,-383.18498996797916,36.99228217928879,39644.9203125,986.0051737279343,41616.93065995587,37672.90996504413,0.09948363280397858,785.2857142857143,0.3500000000000001,22970.0,0.9403569873748368,-5.554239912735137,-4.012430799141187,3.131779219168074,39644.9203125,0.024870908200994617,1,0.9698165736791075,1.0189622044720694,1.015142391391037,1,0,1013694.4375,0.0,1013694.4375,0.0,0.0136944375000001
2024-08-08,39007.69921875,39252.3984375,38931.8515625,39043.30078125,13900.0,39043.30078125,38749.31015625,39663.38046875,39730.4552734375,37101.9040625,39025.31908821245,39302.24547411115,39142.77749173919,39331.735582389185,38852.56606859828,479.1695137909046,839.8786802679715,-360.7091664770669,44.03188598931724,39730.4552734375,837.9398709012863,41406.335015240074,38054.57553163493,0.08436247358700721,805.0747767857143,-0.3564814814814815,20070.0,0.6925759840558047,-1.7291588195683105,-4.719804251624515,4.582319868295404,39730.4552734375,0.02109061839675182,1,0.9827045905349363,1.0082335378908296,0.9990881518266228,1,24,76655.21875,937039.21875,1013694.4375,0.0,0.0136944375000001
2024-08-11,39038.94921875,39329.05078125,38747.8515625,39109.55078125,13600.0,39109.55078125,38884.03046875,39492.325390625,39734.7828125,37227.960078125,39053.396319224965,39267.21007540912,39139.61304312117,39297.55330529085,38871.60197323915,425.95133205169986,757.0932106247172,-331.1418785730174,42.0874290209351,39734.7828125,834.3095535039917,41403.40191950798,38066.16370549202,0.08398783075683788,767.12109375,-0.021582733812949617,19620.0,0.6931702344546381,1.7525300563447477,-4.190461845448768,0.22179427837429877,39734.7828125,0.020996957689209506,1,0.9842648685359541,1.0149995211428053,0.9981947743942421,1,24,76655.21875,938629.21875,1015284.4375,0.001568520000880369,0.015284437500000081
2024-08-12,39198.25,39383.30078125,38972.69921875,39114.8515625,12400.0,39114.8515625,38982.1609375,39326.175390625,39744.9578125,37362.5351171875,39073.88140031665,39239.50852760746,39137.25480687154,39269.44534486149,38889.620461332546,379.8248835289414,681.6395452055622,-301.81466167662074,41.442814967011266,39744.9578125,824.9268327696061,41394.811478039206,38095.10414696079,0.08302203632080955,770.49609375,-0.08823529411764708,19410.0,0.6388459556929418,1.2703236667022333,-4.074665673443922,0.5229836328690229,39744.9578125,0.020755509080202426,1,0.9841462594331444,1.0105356203375941,1.002132142502618,1,24,76655.21875,938756.4375,1015411.65625,0.0001253035556354476,0.015411656250000183
2024-08-13,39259.69921875,39767.1484375,39177.69921875,39731.25,24100.0,39731.25,39089.45078125,39214.190234375,39774.4453125,37506.932109375,39293.00426687777,39328.91606804247,39193.82577764568,39340.4922148828,38951.96339012273,388.52882476006926,623.0174011164636,-234.48857635639433,47.46721426522729,39774.4453125,812.6699863825692,41399.78528526514,38149.10533973486,0.08172785113633463,781.0139508928571,0.9435483870967742,20040.0,1.2025948103792414,1.368674436550843,-2.7413007719918836,1.5067128239847793,39774.4453125,0.02043196278408362,1,0.9989139933401805,1.0150455292297484,0.9881314889098631,1,24,76655.21875,953550.0,1030205.21875,0.014569029623545893,0.03020521875000015
2024-08-15,40287.30078125,40927.1484375,40063.8984375,40878.25,33700.0,40878.25,39575.440625,39231.075390625,39817.837890625,37678.18609375,39821.41951125185,39610.613146580195,39354.247132155615,39577.07033567006,39094.65128715067,482.41904851939034,594.897730597049,-112.47868207765862,49.252199482641124,39817.837890625,848.3193981041802,41514.47668683336,38121.19909441664,0.08522003634998121,793.7103794642857,0.3983402489626555,21400.0,1.574766355140187,6.320043199243308,0.4147729246336995,2.169065034070239,39817.837890625,0.0213050090874953,1,1.0266315843740141,1.0215468297810977,0.9855436761908839,1,24,76655.21875,981078.0,1057733.21875,0.026720889681961735,0.05773321875000015
2024-08-18,40940.8984375,41271.6015625,40736.55078125,41236.8515625,16300.0,41236.8515625,40014.15078125,39381.73046875,39883.5154296875,37841.164140625,40293.23019500123,39906.29285856561,39533.54279218842,39832.42129364389,39253.3327890284,579.0885046154945,591.7358854007381,-12.647380785243627,53.05197116006257,39883.5154296875,905.8138771211593,41695.14318392982,38071.88767544518,0.0908459414735455,782.6604352678571,-0.5163204747774481,20610.0,0.7908782144590005,5.6182513705486326,3.7919440619009537,3.290185820173752,39883.5154296875,0.022711485368386363,1,1.0339322178156127,1.0131344154325475,0.9928230911481822,1,24,76655.21875,989684.4375,1066339.65625,0.008136680731433144,0.06633965625000005
2024-08-19,41421.25,41746.55078125,41366.19921875,41572.80078125,17900.0,41572.80078125,40506.80078125,39695.415625,39973.498046875,37992.144140625,40719.75372375082,40209.29429905368,39727.75783876571,40100.171984044835,39425.14523289666,675.0267511481725,608.3940585502249,66.63269259794754,55.59323558958158,39973.498046875,980.5756504228323,41934.64934772067,38012.34674602933,0.09812257604005133,795.6177455357143,0.09815950920245409,19100.0,0.93717277486911,6.298333657110011,8.161243903844495,4.524792264253352,39973.498046875,0.024530644010012793,0,1.0400090763260093,1.009194742801693,0.9963545688911498,0,24,76655.21875,997747.21875,1074402.4375,0.007561175468569159,0.07440243750000008
2024-08-20,41532.05078125,41603.6015625,41368.05078125,41570.8515625,11500.0,41570.8515625,40998.00078125,39990.080859375,40049.8056640625,38120.163203125,41003.45300333388,40456.85016513483,39903.29057435945,40326.43038073024,39584.08644249691,742.3439382333308,635.1840344868461,107.1599037464847,55.10681699759426,40049.8056640625,1043.7547381809286,42137.315140424354,37962.296187700646,0.10424567319361647,782.6570870535714,-0.35754189944134074,18100.0,0.6353591160220995,6.278944957967325,7.62903154848984,3.811122004970424,40049.8056640625,0.02606141829840415,0,1.0379788584043583,1.0056940265930239,0.9990666349186601,0,0,1074402.4375,0.0,1074402.4375,0.0,0.07440243750000008
2024-08-21,41735.25,41834.0,41406.19921875,41506.19921875,17000.0,41506.19921875,41352.990625,40221.220703125,40119.3630859375,38259.7621875,41171.035075139254,40647.64090215576,40055.94854049188,40507.933278887125,39726.46516666381,781.468112223316,664.4408500341401,117.02726218917587,55.71601108561085,40119.3630859375,1093.5003111228173,42306.36370818313,37932.36246369186,0.10902469301723366,777.58203125,0.4782608695652173,18200.0,0.9340659340659341,4.467388312096898,5.897206750456885,3.467896488741906,40119.3630859375,0.0272561732543084,0,1.0345677504860145,1.0103318051239119,1.0055184715912635,0,0,1074402.4375,0.0,1074402.4375,0.0,0.07440243750000008
2024-08-22,41492.75,41548.75,41029.5,41089.8515625,16900.0,41089.8515625,41395.3109375,40485.37578125,40171.0806640625,38390.930234375,41143.9739042595,40728.042840400165,40154.415494968845,40597.45916867372,39827.456751540565,770.0024171331534,685.5531634539428,84.44925367921053,60.609633643066125,40171.0806640625,1114.5778268437068,42400.236317749914,37941.92501037509,0.11098310609710034,739.9034598214286,-0.00588235294117645,17730.0,0.9531866892272983,0.5176385058068833,6.870396682233082,2.582295970590809,40171.0806640625,0.027745776524275102,1,1.022871450885797,1.0126555283393657,1.009805302822454,1,0,1074402.4375,0.0,1074402.4375,0.0,0.07440243750000008
2024-08-25,41343.44921875,41820.8984375,41319.05078125,41662.1015625,21200.0,41662.1015625,41480.3609375,40747.255859375,40205.3181640625,38533.22328125,41316.68312367301,40897.87169896377,40298.004644257526,40761.25030618545,39963.35636716719,797.8939390182641,708.0213185668072,89.8726204514569,78.37399759374401,40205.3181640625,1150.583772643178,42506.48570934885,37904.15061877614,0.11447080388202245,656.3211495535714,0.2544378698224852,18460.0,1.1484290357529794,1.0312377979571963,6.707426700223151,1.6710450380269082,40205.3181640625,0.028617700970505606,1,1.0362335995574747,1.0121456724382867,0.99235150576185,1,24,74512.0,999890.4375,1074402.4375,0.0,0.07440243750000008
2024-08-26,41696.8515625,41936.69921875,41589.8515625,41709.25,14800.0,41709.25,41507.65078125,41007.22578125,40249.7755859375,38669.367265625,41447.53874911534,41045.3950264249,40432.40896385205,40907.096412926156,40092.6818214511,814.4145914750552,729.2999731484567,85.11461832659847,77.82358441177777,40249.7755859375,1192.0204085254618,42633.81640298843,37865.73476888658,0.11846231599283069,612.5638950892857,-0.30188679245283023,18580.0,0.7965554359526372,0.32821752729139675,6.647223419391346,2.1782122127712356,40249.7755859375,0.029615578998207652,1,1.0362604360599816,1.0083397185423653,0.9997027412983931,1,24,74512.0,1001022.0,1075534.0,0.001053201724516839,0.07553400000000021
2024-08-27,41792.8984375,42717.1484375,41594.8984375,42394.3984375,37800.0,42394.3984375,41672.36015625,41335.18046875,40330.6779296875,38825.28421875,41763.15864524356,41290.668373893095,40619.265104199476,41135.91210901443,40263.179348565835,872.7327604485981,757.986530608485,114.74622984011307,78.2725091900661,40330.6779296875,1281.2116297586915,42893.101189204885,37768.25467017012,0.12707067627202845,635.3744419642857,1.554054054054054,21120.0,1.7897727272727273,1.9810680898894484,8.384403222800806,3.968101149314296,40330.6779296875,0.03176766906800713,1,1.051169993011533,1.0269804721770455,0.9858118048098556,1,24,74512.0,1017465.5625,1091977.5625,0.015288742615296114,0.09197756250000011
2024-08-28,42191.1015625,42790.30078125,42151.5,42591.6484375,31500.0,42591.6484375,41889.45,41621.2203125,40417.7052734375,38981.058203125,42039.32190932904,41527.21020363981,40807.11113594238,41359.87154416605,40435.658540338736,924.2130038273172,791.2318252522515,132.98117857506566,90.54754439523322,40417.7052734375,1374.1644977902254,43166.03426901795,37669.37627785705,0.13599629058538615,622.1707589285714,-0.16666666666666663,21860.0,1.4409881061299177,2.615149638321168,7.199366839704258,4.2607097689570494,40417.7052734375,0.033999072646346544,1,1.0537869022834212,1.0151548766058147,0.9905956475108548,1,24,74512.0,1022199.5625,1096711.5625,0.004335253912325587,0.0967115624999999
2024-08-29,42644.1015625,42913.94921875,42455.1015625,42787.80078125,38100.0,42787.80078125,42229.03984375,41812.175390625,40521.625390625,39138.2721875,42288.81486663603,41756.408490478025,40995.7482450193,41579.55296525589,40609.891298924755,969.6616663311361,826.9177934680285,142.74387286310753,89.74716841562301,40521.625390625,1472.4579034608344,43466.54119754667,37576.70958370333,0.1453503297823291,597.5100446428571,0.20952380952380945,22300.0,1.7085201793721974,4.132283652004243,4.671312449163056,5.1054607130609275,40521.625390625,0.03633758244558224,1,1.055925086142998,1.0108078332017298,0.9966415843739047,1,24,74512.0,1026907.21875,1101419.21875,0.004292519939580686,0.10141921874999982
2024-09-01,42864.8515625,43299.5,42847.80078125,42975.6015625,22600.0,42975.6015625,42491.73984375,41986.050390625,40683.8904296875,39299.055234375,42517.74376525736,41978.07995811838,41184.30570382698,41794.32967252421,40785.12909622662,1009.2005762975896,863.3743500339408,145.82622626364878,90.00508496910618,40683.8904296875,1557.0504982601278,43797.99142620775,37569.78943316724,0.15308767001534637,592.5457589285714,-0.4068241469816273,22930.0,0.9856083733100741,3.1527454226703666,4.216495523099506,8.168326736608943,40683.8904296875,0.038271917503836614,0,1.0563296948401035,1.0105419463896421,0.9974229563758652,0,24,74512.0,1031414.4375,1105926.4375,0.00409219184963483,0.10592643749999975
2024-09-02,42953.1015625,43194.55078125,42746.75,42851.30078125,20100.0,42851.30078125,42720.15,42113.900390625,40904.6580078125,39452.075234375,42628.929437254905,42136.84738050595,41343.067139772036,41956.94061232818,40938.1788506728,1018.7617616553835,894.4518323582295,124.30992929715399,87.73467524772317,40904.6580078125,1534.401654369683,43973.46131655186,37835.854699073134,0.150046643008395,595.2028459821429,-0.11061946902654862,23150.0,0.8682505399568035,2.738123512769941,3.075328041349157,11.487556967491464,40904.6580078125,0.037511660752098774,0,1.0475897579455549,1.010475668471872,1.00237567540294,0,0,1105926.4375,0.0,1105926.4375,0.0,0.10592643749999975
2024-09-03,42315.69921875,42498.44921875,42023.5,42450.5,22900.0,42450.5,42731.3703125,42201.865234375,41095.973046875,39598.20921875,42569.45295816994,42193.875129504864,41448.53693598422,42032.87282581616,41050.20263951185,982.6701863043054,912.0955031474447,70.57468315686071,78.71222932563415,41095.973046875,1472.3859368651013,44040.744920605204,38151.20117314479,0.14331194301550335,607.7388392857143,0.1393034825870647,24290.0,0.9427748044462742,0.13233248864872316,2.1160221752433594,9.906485723055546,41095.973046875,0.0358279857538758,1,1.0329600895829865,1.011301990999084,0.9968245184096771,1,0,1105926.4375,0.0,1105926.4375,0.0,0.10592643749999975
2024-09-04,42578.1484375,42766.05078125,42294.55078125,42644.6484375,17700.0,42644.6484375,42741.9703125,42315.71015625,41268.4654296875,39742.56421875,42594.51811794663,42275.8339127767,41562.45231708097,42126.992150690596,41168.30973565912,958.6824150314787,921.4128855242516,37.26952950722716,73.34961582947786,41268.4654296875,1439.651888366432,44147.769206420366,38389.16165295464,0.13954014266115963,555.99609375,-0.22707423580786024,24360.0,0.7266009852216748,0.12443754103055316,2.7428414072558915,8.80179918633579,41268.4654296875,0.03488503566528991,0,1.0333470845955544,1.0111480082254243,0.9984406015189112,0,24,82454.875,1023471.5625,1105926.4375,0.0,0.10592643749999975
2024-09-05,42607.8515625,42983.6015625,42167.1484375,42228.8984375,22500.0,42228.8984375,42630.18984375,42429.61484375,41457.4953125,39879.01015625,42472.64489113109,42267.30018999912,41625.923376168495,42142.670040968966,41246.8718617214,895.7981792475621,916.2899442689138,-20.49176502135174,62.91845973854214,41457.4953125,1290.3245332318713,44038.14437896375,38876.84624603626,0.12449613981796169,576.0962611607143,0.27118644067796605,24920.0,0.9028892455858748,-1.306218907130452,2.7720880745150556,9.832938203848208,41457.4953125,0.031124034954490384,0,1.0186070846582815,1.0193623034815869,1.0089737866489903,0,0,1105926.4375,0.0,1105926.4375,0.0,0.10592643749999975
2024-09-08,42104.05078125,42431.6484375,41809.6484375,41919.05078125,18600.0,41919.05078125,42418.8796875,42455.309765625,41601.2828125,39994.9171875,42288.11352117073,42203.9821156811,41653.84027189054,42108.26707793528,41296.66289279759,811.6041851376867,895.3527924426684,-83.74860730498165,54.53973703941951,41601.2828125,1160.8756208145935,43923.03405412919,39279.531570870815,0.11161921386383626,584.1177455357143,-0.17333333333333334,24660.0,0.754257907542579,-2.458489800808128,0.6167456972004492,7.365540162990114,41601.2828125,0.02790480346595907,1,1.0076384175503001,1.0148769488203138,1.0044132678711024,1,0,1105926.4375,0.0,1105926.4375,0.0,0.10592643749999975
2024-09-09,42128.30078125,42937.44921875,42055.8515625,42644.19921875,21600.0,42644.19921875,42377.459375,42548.8046875,41778.015234375,40124.651171875,42406.80875369716,42284.02158896635,41748.160171591444,42190.718176522154,41396.48039842369,794.2377780984607,875.1297895738269,-80.89201147536619,61.82948785395646,41778.015234375,1022.3623590041992,43822.7399523834,39733.2905163666,0.09788520141694043,640.0354352678571,0.16129032258064524,25340.0,0.8524072612470402,-0.4833028606464618,2.2415872228582323,9.03781395309351,41778.015234375,0.024471300354235073,0,1.020733009443261,1.0209625444140595,0.9879022599333237,0,24,82465.65625,1023460.78125,1105926.4375,0.0,0.10592643749999975
2024-09-10,42710.1484375,42984.19921875,42406.1484375,42473.30078125,15900.0,42473.30078125,42382.01953125,42556.694921875,41945.9376953125,40236.733203125,42428.97276288144,42318.43598756338,41817.221182035115,42234.192423403365,41476.24487122564,757.9475521777276,851.6933420946071,-93.74578991687952,60.41463697810713,41945.9376953125,817.1289036948236,43580.19550270215,40311.67988792286,0.07792210150411175,650.767578125,-0.26388888888888884,23150.0,0.6868250539956804,0.05371145510653097,0.18611502146048675,8.58612287811875,41945.9376953125,0.019480525376027975,1,1.012572447176367,1.0136312964640484,1.005576389211421,1,0,1105926.4375,0.0,1105926.4375,0.0,0.10592643749999975
2024-09-11,42836.5,43265.25,42449.05078125,43152.1015625,26400.0,43152.1015625,42483.51015625,42612.740234375,42116.9802734375,40353.792265625,42670.015696087634,42470.01154664277,41944.3526468413,42375.40921403362,41600.38240391263,775.0268101209949,836.3600356998847,-61.333225578889824,71.02000805864657,42116.9802734375,674.7776115496337,43466.535496536766,40767.42505033823,0.06408603913849026,671.9782366071429,0.6603773584905661,22640.0,1.1660777385159011,1.1899573418777898,1.315875636563879,8.609977190498652,42116.9802734375,0.016021509784622547,1,1.0245772912099147,1.0192277378110541,0.9926862991355614,1,24,70276.0,1035650.4375,1105926.4375,0.0,0.10592643749999975
2024-09-12,43244.19921875,43571.6484375,42989.3984375,43394.3515625,28000.0,43394.3515625,42716.60078125,42673.3953125,42242.7853515625,40475.392265625,42911.46098489176,42638.073367707715,42082.447781665935,42532.16957533614,41733.269008252435,798.9005670837068,828.8681419766492,-29.967574892942366,68.92985143181076,42242.7853515625,666.1696497247667,43575.12465101204,40910.446052112966,0.06308008756341421,661.3498883928571,0.06060606060606055,21630.0,1.2944983818770226,2.7598473275946445,1.417578772863215,6.155110755719728,42242.7853515625,0.01577002189085351,0,1.0272606600477139,1.0135440369291628,0.9965398182403131,0,24,70276.0,1041464.4375,1111740.4375,0.005257130856861414,0.11174043749999973
2024-09-15,43457.3984375,43583.1484375,43286.80078125,43352.6484375,11500.0,43352.6484375,43003.3203125,42711.1,42348.5751953125,40587.927265625,43058.52346909451,42767.99610766994,42203.41927269775,42658.39709259212,41853.22304004855,805.1740525435671,824.1293240900329,-18.955271546465838,67.98028925054705,42348.5751953125,666.0141259293032,43680.6034471711,41016.5469434539,0.06290781900997902,657.7427455357143,-0.5892857142857143,20520.0,0.5604288499025342,3.4199191764409775,0.8773510114841621,5.130840000704762,42348.5751953125,0.015726954752494797,1,1.0237097290181947,1.0068461436489056,1.0024162306981317,1,0,1111740.4375,0.0,1111740.4375,0.0,0.11174043749999973
2024-09-16,43294.44921875,43645.8984375,43133.55078125,43415.0,12500.0,43415.0,43157.48046875,42767.469921875,42440.68515625,40701.812265625,43177.34897939634,42885.633179002674,42318.807913393204,42774.797539885636,41968.91022226718,805.887317618457,820.4809227957178,-14.59360517726077,62.92816115841517,42440.68515625,680.3123325769976,43801.309821404,41080.060491096,0.06411888310213235,614.1782924107143,0.08695652173913038,19760.0,0.6325910931174089,1.8075161343658053,1.315477496535311,4.4312607862130315,42440.68515625,0.016029720775533045,0,1.022957095064864,1.0118781701707877,0.997223291920995,0,24,69780.4375,1041960.0,1111740.4375,0.0,0.11174043749999973
2024-09-17,43222.44921875,43222.44921875,41814.3984375,42089.30078125,27100.0,42089.30078125,43080.68046875,42731.35,42466.6076171875,40788.75328125,42814.66624668089,42740.84547032037,42296.95009128433,42669.33650009554,41977.828041451095,691.5084586444427,794.6864299654628,-103.1779713210201,45.05139810384595,42466.6076171875,654.823943628231,43776.255504443965,41156.95972993104,0.06167895015595305,682.8783482142857,1.1680000000000001,20180.0,1.3429137760158574,-0.9040973810293562,-0.8508715297817493,1.247146015208589,42466.6076171875,0.015419737538988261,0,0.9911152112893332,1.0336738260949663,1.0269224818770284,0,0,1111740.4375,0.0,1111740.4375,0.0,0.11174043749999973
2024-09-18,42551.0,42850.44921875,41670.80078125,41945.6015625,32400.0,41945.6015625,42839.38046875,42661.4453125,42488.577734375,40874.29234375,42524.9780186206,42596.255668898484,42263.4883266382,42557.992663542376,41975.44089486212,582.5517686802559,752.2594977084216,-169.70772902816566,41.616904067766825,42488.577734375,627.7152741270207,43744.008282629045,41233.14718612096,0.0590949669392369,734.3641183035714,0.1955719557195572,21650.0,1.4965357967667436,-2.795924083216539,-1.639237045240327,1.0586426895756507,42488.577734375,0.014773741734809196,1,0.9872206555072397,1.0283087537408397,1.0144329420713623,1,0,1111740.4375,0.0,1111740.4375,0.0,0.11174043749999973
2024-09-19,42186.8515625,42375.19921875,41614.25,42204.3984375,39800.0,42204.3984375,42601.38984375,42658.9953125,42544.305078125,40972.7653125,42418.11815824707,42525.0088995533,42257.860718148855,42503.59355184355,41992.4007128353,511.19283900825394,704.0461659683881,-192.85332696013415,42.43056972013183,42544.305078125,540.4050661129621,43625.11521035092,41463.494945899074,0.05080868662638678,752.1676897321429,0.22839506172839497,23380.0,1.7023096663815227,-2.7421843676731394,-0.05801714206744579,2.7124626461711765,42544.305078125,0.012702171656596694,0,0.9920105254980468,1.018285784767237,0.999584240608808,0,25,56630.4765625,1055109.9609375,1111740.4375,0.0,0.11174043749999973
2024-09-22,42288.3515625,42378.5,41785.1484375,41987.44921875,14000.0,41987.44921875,42328.35,42665.83515625,42560.5724609375,41065.862265625,42274.56184508138,42427.270775770885,42232.107242015634,42424.18673136762,41992.033935495645,432.1527958719744,649.6674919491054,-217.51469607713102,41.672666421655755,42560.5724609375,516.833879673982,43594.240220285465,41526.90470158954,0.048573959398533546,762.5641741071429,-0.6482412060301508,22920.0,0.6108202443280978,-3.1490560968106984,0.16316790629857802,0.780919934540325,42560.5724609375,0.012143489849633414,1,0.9865339395349176,1.0142000587454536,1.0071664830645541,1,0,1111740.4375,0.0,1111740.4375,0.0,0.11174043749999973
2024-09-23,41863.3515625,42403.8984375,41691.3984375,42243.94921875,21800.0,42243.94921875,42094.13984375,42625.81015625,42587.307421875,41130.28125,42264.35763630425,42393.93958358527,42233.23504932367,42396.4578832726,42010.69432684782,385.76355642477574,596.8867048442396,-211.12314841946386,47.95191848111111,42587.307421875,483.21473414863607,43553.736890172266,41620.87795357773,0.04538579810757707,754.3284040178571,0.5571428571428572,22940.0,0.9503051438535309,-2.697341428653688,-0.9385801758097445,1.2819679537512618,42587.307421875,0.01134644952689431,0,0.9919375460926974,1.0170898561022872,0.9909904811626591,0,25,55641.70703125,1056098.73046875,1111740.4375,0.0,0.11174043749999973
2024-09-24,42128.1484375,42222.8515625,41645.8515625,41960.94921875,17300.0,41960.94921875,42068.46953125,42574.575,42565.6349609375,41191.273203125,42163.221497119506,42315.21406270613,42207.30306545951,42329.45655026912,42007.00950402576,322.4470462433601,541.9987731240637,-219.55172688070365,43.33807589158953,42565.6349609375,501.6892473788731,43569.01345569525,41562.25646617976,0.04714500303724096,763.37109375,-0.20642201834862384,23080.0,0.7495667244367418,-0.3049505696639643,-1.206290900579543,-1.0224209676875429,42565.6349609375,0.011786250759310264,1,0.9857940391881286,1.0138549213991714,1.0039846386190732,1,0,1111740.4375,0.0,1111740.4375,0.0,0.11174043749999973
2024-09-25,42033.8984375,42345.3984375,41982.8515625,42160.8984375,27100.0,42160.8984375,42111.52890625,42475.4546875,42544.0974609375,41251.661171875,42162.44714391301,42287.156676305014,42202.883577082415,42303.524532920026,42018.40868428311,285.1158486369168,490.6221882266344,-205.50633958971764,49.30832363842109,42544.0974609375,509.69586349902994,43563.48918793556,41524.70573393944,0.047921652489350805,732.513671875,0.5664739884393064,23150.0,1.1706263498920086,0.5132764031985593,-2.296998498588476,-1.0113485056397642,42544.0974609375,0.011980413122337708,1,0.9909928980444506,1.0086355943321352,0.9969877302261889,1,25,57717.9765625,1054022.4609375,1111740.4375,0.0,0.11174043749999973
2024-09-26,42738.55078125,43377.94921875,42270.55078125,42312.6015625,46500.0,42312.6015625,42133.16953125,42367.2796875,42520.3375,41297.705234375,42212.49861677534,42291.78301924956,42213.33290902695,42304.92099900925,42040.20074933621,264.7202496730388,445.44180051591536,-180.72155084287658,54.1361532530809,42520.3375,508.81264879383724,43537.96279758768,41502.712202412324,0.04786534432318077,775.0172991071429,0.7158671586715868,25000.0,1.86,0.2563787875338175,-2.492835959173112,-1.1105950997094438,42520.3375,0.011966336080795155,0,0.9951144334755103,1.0261978710244581,1.0100667225134061,0,25,57717.9765625,1057815.0390625,1115533.015625,0.0034113881235879884,0.11553301562499985
2024-09-29,42045.55078125,42275.3984375,41853.25,41946.1015625,20900.0,41946.1015625,42124.9,42226.625,42468.8625,41338.16125,42123.69959868356,42228.93184529509,42187.88230459581,42249.718008777054,42033.2304392002,216.4875695768569,399.6509543281037,-183.16338475124678,42.06490938137436,42468.8625,512.3939660627036,43493.65043212541,41444.074567874595,0.048260672492718995,735.0853794642857,-0.5505376344086022,25940.0,0.8057054741711642,-0.09847622806182788,-3.244431253208835,-2.3955452921415987,42468.8625,0.012065168123179744,1,0.9876907242924153,1.0100863956204118,1.002370881084189,1,0,1115533.015625,0.0,1115533.015625,0.0,0.11553301562499985
2024-09-30,41916.30078125,42470.5,41916.30078125,42434.80078125,19500.0,42434.80078125,42163.0703125,42128.605078125,42448.0375,41391.394296875,42227.39999287238,42266.362560923255,42211.39834999145,42278.1922814652,42062.97639046315,215.21589100205165,362.76394166289333,-147.54805066084168,49.591867158060374,42448.0375,504.4346236869972,43456.90674737399,41439.168252626005,0.04753431756999338,733.3816964285714,-0.06698564593301437,26640.0,0.7319819819819819,0.45178437629427304,-2.2577432195093894,-0.9719658269562781,42448.0375,0.011883579392498352,0,0.999688166531845,1.0132215679442282,0.9877812552326367,0,24,97097.796875,1018435.21875,1115533.015625,0.0,0.11553301562499985
2024-10-02,41978.44921875,42325.8515625,41631.5,41762.6015625,26100.0,41762.6015625,42123.40078125,42095.93515625,42413.642578125,41425.75234375,42072.46718274825,42174.76965211903,42168.65579880179,42198.87063239363,42040.726403206616,158.14422918701166,321.839999167717,-163.69576998070534,35.24946921443737,42413.642578125,527.1965402712273,43468.03565866745,41359.24949758255,0.04971952496653804,732.4603794642857,0.33846153846153837,26540.0,0.9834212509419744,-0.4726958277706639,-0.7762049088150702,-1.620471932014933,42413.642578125,0.012429881241634523,1,0.9846501980011314,1.016678514165956,1.0051684437313364,1,0,1115533.015625,0.0,1115533.015625,0.0,0.11553301562499985
2024-10-03,41682.94921875,42566.1484375,41682.94921875,41912.5,28100.0,41912.5,42073.72109375,42092.625,42377.03515625,41461.701328125,42019.14478849884,42127.08426082466,42144.26000843971,42154.81361202538,42031.22815111723,123.58546090814343,282.1890915158023,-158.60363060765889,33.9544783177314,42377.03515625,535.6631777143936,43448.361511678784,41305.708800821216,0.0505616474337412,753.9567522321429,0.07662835249042144,26110.0,1.0762160091918804,-0.5891677993253186,-0.07891545541592881,-1.7168588892766623,42377.03515625,0.012640411858435334,1,0.989038044909532,1.021188501181023,0.9945230949895616,1,25,67720.515625,1047812.5,1115533.015625,0.0,0.11553301562499985
2024-10-06,42134.6484375,42491.8515625,41760.1015625,42190.6015625,22000.0,42190.6015625,42049.32109375,42091.2453125,42375.1203125,41504.403359375,42076.297046499225,42138.63286112926,42148.67348977878,42160.31945055994,42043.03358899744,117.28586156250094,249.20844552514205,-131.9225839626411,38.03012306097683,42375.1203125,536.2886803189874,43447.69767313798,41302.54295186203,0.05062297653567156,785.0569196428571,-0.2170818505338078,24330.0,0.9042334566378956,-0.28833017941426453,-0.03269060929853573,-0.0906887852087368,42375.1203125,0.012655744133917906,1,0.9956455875844304,1.0175227064260088,0.9986738012038745,1,25,67720.515625,1054765.0390625,1122485.5546875,0.006232481661338163,0.12248555468749989
2024-10-07,42275.25,42445.25,41639.44921875,42387.55078125,18400.0,42387.55078125,42137.6109375,42131.25546875,42398.5453125,41532.60734375,42180.048291416155,42183.89066478758,42171.42370801413,42195.27811681994,42068.55338101615,126.72473580379301,224.71170358087227,-97.98696777707926,39.70212036241683,42398.5453125,525.4414640564592,43449.42824061292,41347.66238438708,0.04957165017654977,806.0178571428571,-0.1636363636363637,24770.0,0.742834073475979,1.0524201351399531,0.9529075234256723,1.117630268979175,42398.5453125,0.012392912544137399,1,0.9997406861209751,1.0193518597476345,0.9973506187741408,1,25,67720.515625,1059688.76953125,1127409.28515625,0.00438645330284082,0.12740928515625005
2024-10-08,42524.69921875,42920.55078125,42498.55078125,42622.75,16700.0,42622.75,42175.20078125,42169.135546875,42397.4728515625,41568.6603125,42327.615527610775,42263.68327118984,42214.40716439374,42261.04302192457,42109.60498242236,151.438039502209,210.05697076513962,-58.61893126293063,56.84234787183406,42397.4728515625,524.93532471995,43447.343501002404,41347.6022021226,0.0495251522710137,729.7606026785714,-0.09239130434782605,24260.0,0.6883759274525969,0.4429129282799593,0.8966983159847786,-0.050298092455602905,42397.4728515625,0.012381288067753411,0,1.0053134569889628,1.009929750361892,0.9976995669859406,0,25,67720.515625,1065568.75,1133289.265625,0.005215479902611397,0.133289265625
2024-10-09,42801.05078125,42880.3984375,42012.3515625,42088.80078125,19800.0,42088.80078125,42240.440625,42181.920703125,42378.2478515625,41594.909296875,42248.01061215719,42231.886454837135,42202.44465171339,42234.54421566694,42108.063930483666,126.48028518327192,193.3416336487661,-66.86134846549419,51.669613391520905,42378.2478515625,529.0369287283534,43436.321709019205,41320.17399410579,0.049934761869476214,707.5033482142857,0.18562874251497008,24510.0,0.8078335373317014,0.7810797377213907,0.30469177861893737,-0.9052745911608984,42378.2478515625,0.012483690467369043,1,0.9931699141661935,1.0206617064438452,1.016922553904584,1,0,1133289.265625,0.0,1133289.265625,0.0,0.133289265625
2024-10-10,41770.5,42567.19921875,41734.19921875,42335.69921875,20800.0,42335.69921875,42325.08046875,42199.40078125,42337.427734375,41624.60125,42277.24014768813,42250.76150282129,42215.13556285973,42250.10652383356,42124.92580368858,125.18072014497739,179.7094509480084,-54.52873080303101,51.535144407613195,42337.427734375,496.6920335732069,43330.81180152141,41344.04366722859,0.04692699204018271,712.6498325892857,0.05050505050505061,23880.0,0.8710217755443886,1.0097207724425905,0.4146040234629389,-1.8919179233195638,42337.427734375,0.011731748010045685,1,0.9999591728709679,1.0199596497738899,0.986649583467853,1,25,74896.78515625,1058392.48046875,1133289.265625,0.0,0.133289265625
2024-10-13,42383.25,42985.1015625,42357.75,42872.75,28300.0,42872.75,42461.51015625,42255.415625,42311.34765625,41667.86828125,42475.743431792085,42363.85032049014,42277.76550925404,42345.89782785917,42180.32018860054,165.57763925862673,176.88308861013206,-11.305449351505331,59.62995727988347,42311.34765625,449.7505207979196,43210.84869784584,41411.84661465416,0.042518193885179606,716.6534598214286,0.36057692307692313,22060.0,1.2828649138712602,1.6168255778232554,1.3238336023196462,-1.2020033569317135,42311.34765625,0.010629548471294908,0,1.0132683635678779,1.0148107858066115,0.9885824912094512,0,25,74896.78515625,1071818.75,1146715.53515625,0.011847169066624419,0.1467155351562499
2024-10-14,42917.6484375,43329.5,42572.80078125,42731.30078125,29400.0,42731.30078125,42530.26015625,42333.935546875,42280.2802734375,41727.88828125,42560.92921494473,42430.65949517375,42320.959344682225,42405.19058991929,42221.133565833836,184.05702408545767,178.3178757051972,5.739148380260474,55.43731412493593,42280.2802734375,391.756150851589,43063.79257514068,41496.76797173432,0.03706277709778665,719.810546875,0.03886925795053009,22910.0,1.2832824094281974,0.8109692437149763,1.8719241824655564,-1.4332403639555569,42280.2802734375,0.009265694274446639,0,1.010667396358199,1.017774240944074,1.0043609170056382,0,0,1146715.53515625,0.0,1146715.53515625,0.0,0.1467155351562499
2024-10-15,42605.3515625,42691.1484375,42168.69921875,42230.69921875,17100.0,42230.69921875,42451.85,42313.525390625,42221.065234375,41803.78328125,42450.852549546486,42394.30308127852,42312.36314221249,42378.34576358555,42221.84213271651,156.50363086903963,173.95502673796568,-17.451395868926056,52.87020088413625,42221.065234375,286.6068055699613,42794.27884551492,41647.851623235074,0.027152967740531168,717.2751116071429,-0.41836734693877553,22670.0,0.7543008381120423,-0.9198157820647479,-0.48097683679990677,-2.72786083438904,42221.065234375,0.006788241935132785,1,1.0002281795667998,1.0123895028404788,1.0088715638310735,1,0,1146715.53515625,0.0,1146715.53515625,0.0,0.1467155351562499
2024-10-16,42455.6015625,42900.44921875,42369.80078125,42734.3515625,35400.0,42734.3515625,42580.96015625,42410.700390625,42253.3177734375,41885.986328125,42545.35222053099,42456.13007786424,42352.5525155732,42433.11588649546,42259.80579418196,173.31009231350617,173.82603985307378,-0.5159475395676054,55.73126263927604,42253.3177734375,306.5961012725064,42866.50997598251,41640.12557089249,0.029024570606878772,737.6537388392857,1.0701754385964914,23600.0,1.5,1.533782786079252,2.326842590363354,1.5325766151414788,42253.3177734375,0.007256142651719712,0,1.0113845211313774,1.0125242136549018,0.9934771445030043,0,25,78356.74609375,1068358.7890625,1146715.53515625,0.0,0.1467155351562499
2024-10-17,42216.8984375,42579.75,41838.0,42106.5,58500.0,42106.5,42535.1203125,42430.100390625,42261.3626953125,41944.2203125,42399.06814702066,42392.56097279801,42329.118942661466,42382.867288573085,42248.44980942774,134.4174791453479,165.94432771152862,-31.526848566180718,48.119168073553574,42261.3626953125,300.13979144448524,42861.64227820147,41661.08311242353,0.02840796153293719,714.7466517857143,0.652542372881356,26640.0,2.195945945945946,-0.541385220935453,0.46286907247241604,0.3835883418199515,42261.3626953125,0.007101990383234278,0,0.9963355962648673,1.0177290979492328,1.0026218858727274,0,0,1146715.53515625,0.0,1146715.53515625,0.0,0.1467155351562499
2024-10-20,42426.44921875,42609.05078125,41481.55078125,41562.69921875,28100.0,41562.69921875,42273.11015625,42367.31015625,42229.277734375,42006.50828125,42120.27850426378,42241.67701751655,42256.12658800323,42256.68758552338,42197.65346937753,59.03411614584911,144.56228539839273,-85.52816925254362,46.61083843860518,42229.277734375,338.40887961205686,42906.09549359911,41552.45997515089,0.032054432163454986,762.4715401785714,-0.5196581196581196,27250.0,1.0311926605504587,-3.0556723822241394,-1.4882516970511572,-1.520455787802033,42229.277734375,0.008013608040863771,0,0.9842152518018938,1.0271807581627261,1.020781855274942,0,0,1146715.53515625,0.0,1146715.53515625,0.0,0.1467155351562499
2024-10-21,41556.3515625,41850.6015625,41155.8515625,41238.80078125,21800.0,41238.80078125,41974.61015625,42252.43515625,42191.8453125,42050.41828125,41826.45259659252,42059.3358836499,42159.2384159315,42100.08961563517,42126.62734433105,-26.537728695882834,110.34228257953762,-136.88001127542046,39.11044341254666,42191.8453125,401.99703231159526,42995.83937712319,41387.85124787681,0.038111348705812384,772.5108816964286,-0.2241992882562278,27590.0,0.79014135556361,-3.4927558317037977,-2.7101117635420113,-1.783029099004385,42191.8453125,0.009527837176453084,1,0.977411641415749,1.016880953099584,1.0077002913575115,1,0,1146715.53515625,0.0,1146715.53515625,0.0,0.1467155351562499
2024-10-22,41168.3984375,42530.94921875,41151.3515625,42222.1015625,27400.0,42222.1015625,41972.890625,42212.3703125,42190.7529296875,42112.669296875,41958.33558522835,42088.92964344083,42165.225382271354,42118.8606843836,42133.69950863986,-14.838824256257794,85.30606121237855,-100.14488546863635,53.95943091258904,42190.7529296875,401.8776603168155,42994.50825032113,41386.99760905387,0.038101018105702905,813.6749441964286,0.25688073394495414,28660.0,0.9560362875087229,-0.02035878261325008,-0.9399873013824722,-0.0517178356996606,42190.7529296875,0.00952525452642573,0,1.000743021411937,1.0335249658605912,0.975043802037181,0,25,91162.99609375,1055552.5390625,1146715.53515625,0.0,0.1467155351562499
2024-10-23,41929.25,42379.6015625,41926.8515625,42139.8515625,16300.0,42139.8515625,41853.990625,42217.475390625,42199.698046875,42173.169296875,42018.84091098557,42098.18817417886,42162.808828007415,42122.090050247665,42134.1552163332,-12.065166085536475,65.83181575279555,-77.89698183833202,51.982157112225735,42199.698046875,398.4699899261774,42996.63802672735,41402.758067022645,0.037769937546335945,782.9285714285714,-0.4051094890510949,28310.0,0.5757682797598022,-1.391152499718007,0.1212930287924463,0.42635437729816594,42199.698046875,0.009442484386584021,0,0.9985818267157144,1.010798569010723,0.9950023183591986,0,0,1146715.53515625,0.0,1146715.53515625,0.0,0.1467155351562499
2024-10-24,42235.30078125,42366.1484375,41874.55078125,42038.8515625,19000.0,42038.8515625,41840.4609375,42187.790625,42193.595703125,42219.321328125,42025.51112815705,42087.399699328154,42151.00337414957,42109.28412905572,42127.09568641963,-17.811557363907923,49.103141129454855,-66.91469849336278,48.634814205691555,42193.595703125,400.02695530405856,42993.64961373312,41393.54179251688,0.03792300216541464,765.7748325892857,0.16564417177914104,28130.0,0.67543547813722,-0.16066031966560645,-0.7011757493744941,-0.28947882877999875,42193.595703125,0.00948075054135363,1,0.9963325206575476,1.0117397714621006,1.0046730396156978,1,0,1146715.53515625,0.0,1146715.53515625,0.0,0.1467155351562499
2024-10-27,42012.6015625,42401.30078125,41963.30078125,42205.3984375,19200.0,42205.3984375,41969.00078125,42121.05546875,42188.235546875,42245.864296875,42085.473564604705,42108.8540153594,42156.18385637342,42124.070945739455,42132.895890203356,-8.824944463900465,37.51752401078379,-46.34246847468425,48.35229292444597,42188.235546875,399.0654885511983,42986.3665239774,41390.10456977261,0.03783666070677919,739.5033482142857,0.010526315789473717,27220.0,0.7053637031594416,1.546336573010798,-1.5565867888110763,-0.25335980545098113,42188.235546875,0.009459165176694814,0,1.0004068169811446,1.0104376917889097,0.9954319380425823,0,25,91580.57421875,1055134.9609375,1146715.53515625,0.0,0.1467155351562499
2024-10-28,42167.55078125,42210.8984375,41746.6015625,42031.44921875,16300.0,42031.44921875,42127.53046875,42051.0703125,42192.5029296875,42261.75625,42067.4654493198,42094.78041597587,42144.30436707595,42109.82144927954,42125.381321947556,-15.559872668018215,26.90204467502339,-42.461917343041605,44.591298655730135,42192.5029296875,396.7898087398126,42986.08254716713,41398.92331220787,0.03761709130184113,734.5959821428571,-0.15104166666666663,25910.0,0.6291007333076032,1.922093810885972,-1.6377960644883727,0.2034698173865701,42192.5029296875,0.009404272825460261,0,0.996182883219659,1.0111217885437904,1.003238088741401,0,0,1146715.53515625,0.0,1146715.53515625,0.0,0.1467155351562499
2024-10-29,41975.3515625,42164.3515625,41572.1015625,41668.6015625,22800.0,41668.6015625,42016.83046875,41994.860546875,42154.19296875,42263.672265625,41934.51082037987,42017.29335170752,42098.999338068716,42041.94146669807,42091.5457842107,-49.604317512632406,11.600772237492231,-61.205089750124635,46.03218631620492,42154.19296875,408.9661049913569,42972.12517873271,41336.26075876729,0.0388066833868254,714.8962053571429,0.39877300613496924,26480.0,0.8610271903323263,-1.3109247989010475,-1.3310166931842615,-1.8055916479960188,42154.19296875,0.009701670846706378,0,0.9884805906114729,1.01424633294301,1.007361658143,0,0,1146715.53515625,0.0,1146715.53515625,0.0,0.1467155351562499
2024-10-30,41501.94921875,41501.94921875,40191.94921875,40407.55078125,29400.0,40407.55078125,41670.3703125,41762.18046875,42086.4404296875,42240.40625,41425.52414066992,41724.612884351605,41937.90899932408,41790.4967458599,41966.80541362101,-176.3086677611136,-25.98111576222894,-150.32755199888467,34.71967002813331,42086.4404296875,561.1744824975672,43208.78939468264,40964.09146469236,0.05333541889199256,760.8713727678571,0.2894736842105263,25880.0,1.1360123647604328,-4.110837406915701,-5.444801889288053,-3.2446512682455686,42086.4404296875,0.013333854722998107,1,0.9601085377785188,1.0325935921363294,1.0270840082197663,1,0,1146715.53515625,0.0,1146715.53515625,0.0,0.1467155351562499
2024-10-31,40568.6484375,40646.69921875,40366.5,40433.6484375,2200.0,40433.6484375,41349.3296875,41594.8953125,42012.4978515625,42218.955234375,41094.89890627995,41489.89207583313,41794.64608867416,41581.750852266065,41853.23823020464,-271.48737793857435,-75.08236819749803,-196.40500974107633,28.96708624030225,42012.4978515625,671.8213733256318,43356.14059821376,40668.855104911236,0.06396395431657438,734.4997209821429,-0.9251700680272109,20250.0,0.10864197530864197,-3.8183800587737626,-3.972905756830891,-3.5284260363853237,42012.4978515625,0.015990988579143623,0,0.962419530025545,1.0069413800738236,1.0033388033288333,0,26,95440.67578125,1051274.859375,1146715.53515625,0.0,0.1467155351562499
2024-11-03,40202.25,40472.44921875,39975.0,40421.80078125,21800.0,40421.80078125,40992.61015625,41480.80546875,41924.0578125,42205.59421875,40870.5328646033,41295.6936586362,41663.89891653853,41403.29699518667,41747.20582657837,-343.9088313917018,-128.8476608363388,-215.06117055536302,29.62935144082151,41924.0578125,758.0341133467033,43440.12603919341,40407.989585806594,0.07232449842874612,715.9818638392857,8.909090909090908,19620.0,1.1111111111111112,-4.225994119902088,-2.745005639540643,-4.192404743577183,41924.0578125,0.018081124607186503,1,0.9641671844369489,1.0124440079737336,0.9945685056824128,1,0,1146715.53515625,0.0,1146715.53515625,0.0,0.1467155351562499
2024-11-04,40345.44921875,40658.25,40225.19921875,40424.6015625,11900.0,40424.6015625,40671.240625,41399.385546875,41825.9103515625,42180.84421875,40721.88909723554,41137.31327752052,41545.87059710629,41252.728467081026,41649.23514035034,-396.5066732693158,-182.3794633229342,-214.12720994638158,32.53592637274892,41825.9103515625,819.4537158106878,43464.81778318388,40187.00291994113,0.07836804592396152,706.7282366071429,-0.45412844036697253,18630.0,0.6387546967257112,-3.8229651513733587,-1.974352317054262,-4.6309569261980155,41825.9103515625,0.0195920114809904,1,0.966496633850071,1.0107656590808913,0.998041975908467,1,26,95675.89453125,1051039.640625,1146715.53515625,0.0,0.1467155351562499
2024-11-05,40770.6015625,42105.5,40675.05078125,42039.5,34500.0,42039.5,40745.4203125,41381.125390625,41796.7478515625,42187.44921875,41161.09273149036,41301.347227062244,41592.8829211914,41373.77024137625,41678.14364847254,-304.37340709628916,-206.7782520776052,-97.59515501868395,44.46962744088525,41796.7478515625,799.7447467534672,43396.23734506943,40197.258358055566,0.07653655251778817,778.953125,1.8991596638655461,19340.0,1.7838676318510858,0.8901149152886312,-0.432478620775667,-1.368400678041659,41796.7478515625,0.019134138129447077,0,1.0058079195371759,1.0351677303721867,0.9698165192854339,0,26,95675.89453125,1093027.0,1188702.89453125,0.03661532270885193,0.1887028945312499
2024-11-06,42151.5,42369.6484375,41348.75,41752.3984375,19600.0,41752.3984375,41014.38984375,41342.380078125,41779.927734375,42174.60921875,41358.19463349358,41383.356538050924,41608.07487512555,41432.0207330876,41683.64400321531,-251.6232701277113,-215.74725568762642,-35.87601444008487,47.02004476014401,41779.927734375,796.8112491669261,43373.550232708854,40186.305236041146,0.0762865129143189,787.8493303571429,-0.4318840579710145,19670.0,0.99644128113879,3.328208788328846,-0.9194458704377406,-0.7992680653896467,41779.927734375,0.0190716282285797,1,0.9993410879729131,1.0246899467940385,1.0095587697338495,1,0,1188702.89453125,0.0,1188702.89453125,0.0,0.1887028945312499
2024-11-07,41938.80078125,42306.69921875,41840.69921875,42050.1484375,21700.0,42050.1484375,41337.68984375,41343.509765625,41765.6501953125,42163.77921875,41588.84590149572,41504.59142885985,41650.17711916121,41527.117302997205,41710.79247982899,-183.67517683178448,-209.33283991645806,25.657663084673572,54.27936902909245,41765.6501953125,788.8471098714931,43343.344415055486,40187.95597556951,0.07554984597941487,746.9065290178571,0.1071428571428572,19940.0,1.0882647943831494,3.9979078378215016,0.026872463400207103,-0.6744917091708991,41765.6501953125,0.018887461494853687,1,1.0068117757261548,1.0111374811774458,0.9973520270346846,1,26,95399.03515625,1093303.859375,1188702.89453125,0.0,0.1887028945312499
2024-11-10,41991.3515625,42798.1484375,41793.6484375,42590.30078125,18100.0,42590.30078125,41771.38984375,41382.0,41751.527734375,42159.82921875,41922.66419474715,41701.993129294424,41739.71270602681,41690.68399195917,41775.941242897214,-85.25725093804067,-184.5177221207746,99.26047118273394,61.430927573465276,41751.527734375,770.2940390590732,43292.115812493146,40210.93965625685,0.07379792605048777,769.0315290178571,-0.16589861751152069,19830.0,0.9127584467977812,5.364679351459967,0.9119741976135742,-0.658808261074928,41751.527734375,0.018449481512621928,1,1.0200896372513915,1.024034752589312,0.9859369572939555,1,26,95399.03515625,1107347.8203125,1202746.85546875,0.01181452573398345,0.20274685546874993
2024-11-11,42846.0,42884.6015625,42462.05078125,42609.55078125,18300.0,42609.55078125,42208.3796875,41439.81015625,41745.440234375,42152.508203125,42151.6263902481,41867.00361146816,41822.55442747664,41832.04811338853,41837.69009759001,-5.641984201480227,-148.74257453691573,143.1005903354355,53.915572044520204,41745.440234375,762.5860571989242,43270.61234877285,40220.26811997715,0.0730701176384748,700.6710379464286,0.011049723756906049,20030.0,0.9136295556665003,5.404998773758796,1.3754024028324707,-0.28491994808036436,41745.440234375,0.01826752940961868,0,1.0206995193253097,1.0099512570277596,1.005549207030224,0,26,95399.03515625,1107848.3203125,1203247.35546875,0.00041613079071822767,0.20324735546874995
2024-11-12,42484.44921875,42659.69921875,42201.3984375,42369.5,15000.0,42369.5,42274.3796875,41509.9,41752.3802734375,42142.8721875,42224.25092683207,41958.366591201215,41874.64448200267,41914.73301902107,41877.08342369446,37.64959532661305,-111.46414056420997,149.11373589082302,52.249098677243815,41752.3802734375,767.8481012188101,43288.07647587512,40216.68407099988,0.07356209118523552,701.0675223214286,-0.180327868852459,19250.0,0.7792207792207793,0.7849760344438073,1.6820781384964345,0.3286727044963911,41752.3802734375,0.018390522796308897,1,1.014780468143875,1.0108598482092659,1.0027130180613413,1,0,1203247.35546875,0.0,1203247.35546875,0.0,0.20324735546874995
2024-11-13,42318.75,42633.0,42162.80078125,42390.8515625,16600.0,42390.8515625,42402.0703125,41708.230078125,41735.2052734375,42141.67921875,42279.784472054715,42037.00022234645,41923.80706109766,41987.98202571013,41915.140322865234,72.84170284489664,-74.60297188238866,147.4446747272853,53.50200298777065,41735.2052734375,748.3209903115168,43231.847254060536,40238.56329281447,0.0717208395558354,699.5390625,0.10666666666666669,17970.0,0.9237618252643295,1.5291411964170498,4.908242996431,-0.8038030002575858,41735.2052734375,0.017930209888958853,0,1.0157096696845478,1.0111519920412664,0.9982991244610009,0,26,101085.21484375,1102162.140625,1203247.35546875,0.0,0.20324735546874995
2024-11-17,42442.8515625,42442.8515625,41035.3984375,41406.55078125,21800.0,41406.55078125,42273.35078125,41805.5203125,41700.2078125,42116.917265625,41988.70657511981,41922.373051238,41874.544558255024,41898.531065023955,41877.46702348632,21.064041537632875,-55.469569198384356,76.53361073601724,43.164588016896595,41700.2078125,746.4075132926923,43193.02283908538,40207.39278591461,0.07159748619468029,768.7857142857143,0.31325301204819267,19930.0,1.0938283993978926,-1.5305478819096052,2.4061700621794246,-1.6623305635709462,41700.2078125,0.017899371548670082,1,0.9929579000524316,1.0342985124695123,1.025027459706189,1,0,1203247.35546875,0.0,1203247.35546875,0.0,0.20324735546874995
2024-11-18,41534.6015625,42447.6484375,41534.6015625,41748.3515625,18800.0,41748.3515625,42104.9609375,41938.175390625,41709.4904296875,42107.306328125,41908.588237579876,41890.73278055836,41862.526177706924,41875.42652617412,41867.90291526511,7.523610909003764,-42.87093317690674,50.3945440859105,47.64528787901433,41709.4904296875,745.7615397687824,43201.01350922507,40217.967350149935,0.07151960209400923,809.9857700892857,-0.13761467889908252,19630.0,0.9577177789098319,-1.976856709874797,3.281770617862567,0.4466801897847983,41709.4904296875,0.017879900523502266,1,1.000931709604029,1.0219828008612548,0.9948800373667448,1,27,76041.86328125,1127205.4921875,1203247.35546875,0.0,0.20324735546874995
2024-11-20,41928.8984375,42325.8515625,41678.19921875,41952.80078125,19200.0,41952.80078125,41973.6109375,42090.9953125,41745.1904296875,42107.981328125,41923.32575213659,41902.017871593205,41871.12375899674,41887.33025772426,41874.191646078805,13.138611645452329,-31.669024212434927,44.807635857887256,52.42784863012007,41745.1904296875,739.1035320895977,43223.397493866694,40266.983365508306,0.07082047291981942,813.9430803571429,0.02127659574468077,20360.0,0.9430255402750491,-1.54132110749452,3.7803692793045185,1.7313791537910905,41745.1904296875,0.01770511822995487,1,1.0049732759492902,1.0155393552478302,0.9994302563045878,1,27,76041.86328125,1132725.62109375,1208767.484375,0.004587692531515808,0.20876748437500003
2024-11-21,42229.19921875,43436.1484375,41983.55078125,43332.1015625,24600.0,43332.1015625,42166.13125,42220.25546875,41800.6904296875,42121.739375,42392.9176889244,42162.03308812171,42010.26450218753,42109.60276615129,41982.18497322112,127.41779293017316,0.14833921608668987,127.26945371408647,74.48899821079866,41800.6904296875,814.6179054799678,43429.92624064744,40171.45461872756,0.07795257897476394,814.4213169642857,0.28125,19370.0,1.2700051626226123,2.27192098679474,3.0747310565063746,2.6289548812649777,41800.6904296875,0.01948814474369097,1,1.0366360248376392,1.0345992091954912,0.9745476839576028,1,27,76041.86328125,1169966.7421875,1246008.60546875,0.030809168491991334,0.2460086054687498
2024-11-24,43697.8515625,43751.6484375,43337.6015625,43618.1484375,42000.0,43618.1484375,42411.590625,42406.83046875,41874.6052734375,42144.636328125,42801.3279384496,42426.78133346321,42163.396305550625,42341.68671558955,42103.3674520566,238.3192635329542,47.782524079460195,190.53673945349402,75.55326669015435,41874.6052734375,908.6513881995447,43691.90804983659,40057.30249703841,0.08679736869313813,824.3747209821429,0.7073170731707317,21610.0,1.943544655252198,2.8951927827882917,4.468605564762651,3.5080732849935403,41874.6052734375,0.021699342173284522,1,1.0416372441645079,1.009553986839878,1.0018272927177136,1,27,76041.86328125,1177690.0078125,1253731.87109375,0.006198404722971063,0.25373187109374995
2024-11-25,43763.19921875,44244.6015625,43699.44921875,44085.94921875,21700.0,44085.94921875,42947.4703125,42610.410546875,41976.96015625,42163.31328125,43229.53503188307,42728.44822169717,42346.49658299819,42610.03479299885,42250.225360700555,359.80943229829427,110.187905723227,249.62152657506726,77.39732669114649,41976.96015625,1034.6836363823463,44046.327429014695,39907.59288348531,0.09859538494745342,833.5892857142857,-0.4833333333333333,21610.0,1.004164738546969,6.470952994020696,4.841364078121746,4.869537535311919,41976.96015625,0.024648846236863364,0,1.050241586209429,1.0124750392395356,0.9926790733619334,0,27,76041.86328125,1190320.62890625,1266362.4921875,0.010074419726389339,0.26636249218749986
2024-11-26,44132.5,44330.6015625,43980.1484375,44018.69921875,18100.0,44018.69921875,43401.53984375,42753.250390625,42067.6251953125,42175.800234375,43492.58976083872,42963.0393120704,42505.753976879314,42826.75239696056,42381.22342425977,445.5289727007912,177.25611911873983,268.27285358205137,76.61701530619625,42067.6251953125,1130.7413889587847,44329.10797323007,39806.142417394934,0.10751654116047227,827.689453125,-0.16589861751152069,21610.0,0.8375751966682091,5.43817317637354,3.3538115751669872,4.296371668982668,42067.6251953125,0.026879135290118077,0,1.046379466736689,1.0079684388855128,1.0025852826928046,0,0,1266362.4921875,0.0,1266362.4921875,0.0,0.26636249218749986
2024-11-27,43948.0,44013.1015625,42864.80078125,42968.75,24100.0,42968.75,43604.7296875,42789.1703125,42114.490234375,42168.122265625,43317.976507225816,42964.077618966694,42549.84883622415,42848.59818204355,42424.74391135164,423.85427069191064,226.575749433374,197.27852125853664,57.51023830660998,42114.490234375,1148.4482954702207,44411.38682531544,39817.59364343456,0.10907868423232882,790.0465959821429,0.33149171270718236,22190.0,1.0860748084722849,2.4216481375042287,0.8430016561171039,2.2299987239837504,42114.490234375,0.027269671058082184,1,1.020284224286484,1.0267888981243625,1.0227898181818182,1,0,1266362.4921875,0.0,1266362.4921875,0.0,0.26636249218749986
2024-11-28,42873.80078125,43468.94921875,42738.75,43146.25,16700.0,43146.25,43567.559375,42866.8453125,42188.37265625,42162.747265625,43260.73433815055,42997.199870063654,42606.64894705994,42894.390769421465,42478.18880680707,416.2019626143956,264.50099206957833,151.70097054481727,61.468342225364786,42188.37265625,1165.6548988492643,44519.68245394853,39857.06285855147,0.11051906726500188,769.2823660714286,-0.3070539419087137,22360.0,0.7468694096601073,-0.4289004128542828,1.8332762954483828,3.5461915737287963,42188.37265625,0.027629766816250453,1,1.0227047710883461,1.0170851795794216,0.9936854484746647,1,27,101413.7421875,1164948.75,1266362.4921875,0.0,0.26636249218749986
2024-12-01,43171.75,43578.0,42860.80078125,43547.0,14500.0,43547.0,43553.3296875,42982.46015625,42345.3451171875,42191.90125,43356.156225433704,43097.16353005207,42696.206190197096,42994.79218951047,42557.36000630284,437.4321832076239,299.0872302971875,138.3449529104364,62.11054139265821,42345.3451171875,1123.8563815313423,44593.057880250184,40097.63235412481,0.10616103171870782,780.91796875,-0.13173652694610782,22150.0,0.654627539503386,-0.16311659263104072,2.72735365033987,7.7694617913015795,42345.3451171875,0.026540257929676944,1,1.0283774964990133,1.0167332202310075,0.9913828736767171,1,27,101413.7421875,1175769.0,1277182.7421875,0.008544354453604575,0.27718274218749994
2024-12-02,43794.69921875,43811.5,43404.0,43754.94921875,28300.0,43754.94921875,43487.1296875,43217.3,42511.41015625,42228.088203125,43489.0872232058,43216.760927997144,42797.03885958309,43111.73942477808,42646.070318335966,465.6691064421175,332.4036055261735,133.26550091594396,59.9580901842589,42511.41015625,1070.6333035786463,44652.67676340729,40370.14354909271,0.10073844171656968,738.2751116071429,0.9517241379310344,22800.0,1.2412280701754386,-0.7508061091247242,5.671562574498279,8.214200077403056,42511.41015625,0.025184610429142457,1,1.0292518892675964,1.009388535618837,1.0009084686580545,1,27,101413.7421875,1181383.62890625,1282797.37109375,0.004396104582992999,0.2827973710937499
2024-12-03,43761.1484375,44225.55078125,43585.05078125,43949.25,28900.0,43949.25,43473.23984375,43437.38984375,42687.7826171875,42262.985234375,43642.47481547054,43349.94075927039,42906.773253908505,43240.587205581454,42742.60214660737,497.98505897408177,365.5198962157552,132.46516275832658,61.12189550516689,42687.7826171875,996.2463476931528,44680.2753125738,40695.289921801195,0.09335189476831998,753.8429129464286,0.021201413427561766,23810.0,1.2137757244855103,-0.15777208318872304,5.2718211740770515,8.726600870256718,42687.7826171875,0.023337973692080023,1,1.0295510168360114,1.0146954056154396,0.995720027929942,1,27,101413.7421875,1186629.75,1288043.4921875,0.004089594515833017,0.2880434921874999
2024-12-04,44174.80078125,45027.94921875,44023.8984375,44806.3984375,34800.0,44806.3984375,43840.76953125,43722.749609375,42906.8724609375,42319.36421875,44030.44935614703,43614.751246221225,43087.68993806007,43481.48124126123,42895.475945932754,586.0052953284758,409.61697603829936,176.3883192901764,68.35041951648827,42906.8724609375,953.2262733431312,44813.32500762376,41000.41991425124,0.08886467073179942,798.1570870535714,0.20415224913494812,25370.0,1.3716988569176192,4.276709090909092,6.801924074459786,10.839431201876803,42906.8724609375,0.022216167682949865,0,1.044270902715919,1.0228069484276916,0.9859038512740316,0,27,101413.7421875,1209772.7578125,1311186.5,0.017967567052565858,0.3111864999999998
2024-12-05,44780.44921875,44852.30078125,44519.69921875,44716.05078125,17900.0,44716.05078125,44154.7296875,43861.14453125,43040.7,42368.80625,44258.98316451469,43814.98752531737,43242.77192312578,43671.41501664412,43030.33334114144,641.0816755026754,455.9099159311746,185.17175957150073,67.32922769853687,43040.7,1011.1681946641445,45063.036389328285,41018.36361067171,0.09397321090634157,788.3286830357143,-0.48563218390804597,24700.0,0.7246963562753036,3.6383249558188613,3.1938197522080936,6.366752176524448,43040.7,0.023493302726585407,1,1.0389248032966472,1.0074708852111902,1.001440163797448,1,0,1311186.5,0.0,1311186.5,0.0,0.3111864999999998
2024-12-08,44648.30078125,44913.30078125,44477.1484375,44832.0,19500.0,44832.0,44411.7296875,43982.5296875,43194.680078125,42426.227265625,44449.98877634313,43999.89888435057,43394.12697806618,43849.966552545025,43163.790130686524,686.1764218585013,501.96321711663995,184.21320474186132,79.32474974568262,43194.680078125,1038.764415948583,45272.208910022164,41117.15124622783,0.0961937362721334,718.9500558035714,0.0893854748603351,22450.0,0.8685968819599109,2.9508347302914073,2.7829048365941356,7.375867441746897,43194.680078125,0.02404843406803336,1,1.0379055920523923,1.0098062119329185,0.9959024977973323,1,27,100722.5,1210464.0,1311186.5,0.0,0.3111864999999998
2024-12-09,44848.5,45377.75,44824.1484375,45199.75,32300.0,45199.75,44700.68984375,44093.909765625,43352.16015625,42487.004296875,44699.90918422876,44218.053632650466,43566.09107539321,44057.625544461174,43314.60197285789,743.0235716032839,550.1752880139688,192.8482835893151,79.41620245275405,43352.16015625,1093.4241710783695,45539.008498406736,41165.311814093264,0.10088762978706897,684.12890625,0.6564102564102565,23510.0,1.3738834538494258,3.302028243769217,2.526430304865235,7.490108072225521,43352.16015625,0.025221907446767274,1,1.0426181725914212,1.0123505204626901,0.9922289393193546,1,27,100722.5,1220393.25,1321115.75,0.007572721348183542,0.3211157499999999
2024-12-10,45238.80078125,45398.94921875,45046.6015625,45350.3515625,19400.0,45350.3515625,44980.91015625,44227.075,43490.1626953125,42547.759296875,44916.723310319176,44423.9259835322,43736.02064559385,44256.5064703133,43465.398238757305,791.1082315559979,598.3618767223747,192.74635483362317,79.22551656981648,43490.1626953125,1164.0988634325013,45818.3604221775,41161.9649684475,0.10706778648661808,663.0357142857143,-0.3993808049535603,23640.0,0.8206429780033841,3.1879987997519788,3.0251969444448745,6.480467924906241,43490.1626953125,0.02676694662165454,1,1.0427726352789202,1.0078218476872476,0.9975402443992906,1,27,100722.5,1224459.4921875,1325181.9921875,0.0030778848768551192,0.3251819921875001
2024-12-11,45409.69921875,46002.6484375,45375.5,45701.6484375,29300.0,45701.6484375,45159.96015625,44500.36484375,43644.767578125,42622.870234375,45178.36501937945,44656.23915698089,43923.22329244206,44478.83600372664,43631.04640162713,847.7896020995104,648.247421797802,199.5421803017084,74.76201517224713,43644.767578125,1243.6054451721038,46131.978468469206,41157.556687780794,0.1139752152828881,603.6749441964286,0.5103092783505154,24160.0,1.2127483443708609,1.9980405281820879,6.360199999999994,7.256818247449481,43644.767578125,0.028493803820722047,1,1.0471277766731864,1.0138213008672081,0.9936118448955018,1,27,100722.5,1233944.5078125,1334667.0078125,0.007157519254651801,0.33466700781250003
2024-12-12,45496.94921875,46088.8984375,45073.5,45995.80078125,20500.0,45995.80078125,45415.91015625,44785.319921875,43826.0826171875,42694.090234375,45450.84360666964,44899.79581593891,44120.61162470948,44712.2152002687,43806.213392710306,906.0018075583939,699.7982989499204,206.2035086084735,74.80469752873606,43826.0826171875,1310.4455333276037,46446.973683842705,41205.1915505323,0.11960416766190074,646.2357700892857,-0.3003412969283277,24540.0,0.8353708231458843,2.8619477293746476,6.604399643653847,8.558752832226002,43826.0826171875,0.029901041915475227,0,1.0495074630104309,1.0225276146183455,0.9891544107499624,0,27,100722.5,1241886.62109375,1342609.12109375,0.005950632805606704,0.3426091210937501
2024-12-15,45937.1015625,46005.19921875,45536.8515625,45653.6015625,15600.0,45653.6015625,45580.23046875,44995.980078125,43989.2201171875,42771.910234375,45518.42959194643,45036.85140622274,44266.610666403816,44857.043871381204,43943.05696084288,913.9869105383259,742.6360212676016,171.35088927072434,66.7945553566362,43989.2201171875,1325.3746810372809,46639.96947926206,41338.47075511294,0.12051813398887044,634.9425223214286,-0.23902439024390243,24650.0,0.6328600405679513,1.832623042692716,4.837535450203223,7.6968258002307,43989.2201171875,0.030129533497217642,0,1.0378361207786495,1.0102850249892044,1.006209805804957,0,0,1342609.12109375,0.0,1342609.12109375,0.0,0.3426091210937501
2024-12-16,45576.1484375,45759.6484375,45213.8515625,45413.75,24200.0,45413.75,45623.03046875,45161.86015625,44189.580078125,42841.935234375,45483.53639463095,45105.37842327315,44375.862031508215,44942.69096809179,44051.99718596563,890.6937821261599,772.2475734393133,118.4462086868466,64.41243770051858,44189.580078125,1212.4782161223882,46614.53651036978,41764.62364588022,0.10975240895964947,648.8956473214286,0.5512820512820513,24240.0,0.9983498349834984,0.47345394609483726,3.791115772885334,9.677693850714487,44189.580078125,0.02743810223991236,1,1.027702682843121,1.0120714527990506,1.0035759750626188,1,0,1342609.12109375,0.0,1342609.12109375,0.0,0.3426091210937501
2024-12-17,45293.05078125,45693.0,45237.30078125,45526.8515625,21600.0,45526.8515625,45658.33046875,45319.6203125,44378.505078125,42908.660234375,45497.97478392064,45182.00990313257,44485.48008207886,45032.561828769976,44161.24565830151,871.316170468468,792.0612928451444,79.25487762332364,82.77181822003278,44378.505078125,1101.3582597907555,46581.22159770651,42175.78855854349,0.09926952319388833,599.0242745535714,-0.1074380165289256,23510.0,0.918757975329647,0.3891921317451308,3.5895983719858693,9.050656753101594,44378.505078125,0.024817380798472087,0,1.0258761867339474,1.0100735280593682,0.9948645519462501,0,28,67857.27734375,1274751.84375,1342609.12109375,0.0,0.3426091210937501
2024-12-18,44493.44921875,45265.94921875,44434.1015625,44954.19921875,27800.0,44954.19921875,45508.840625,45334.400390625,44528.575,42959.993203125,45316.71626219709,45140.589778699374,44530.11999985706,45020.50604261306,44219.982959075474,800.5230835375842,793.7536509836324,6.769432553951788,71.03219937089942,44528.575,947.1223199615555,46422.81963992311,42634.330360076885,0.08507995775400908,624.9207589285714,0.287037037037037,22810.0,1.2187637001315212,-1.6354972835874504,0.32986534603125506,7.1542266108760355,44528.575,0.021269989438502255,0,1.0095584513708333,1.0187209289036696,0.98975067940243,0,0,1342609.12109375,0.0,1342609.12109375,0.0,0.3426091210937501
2024-12-19,45513.3515625,45647.30078125,43663.05078125,43771.05078125,47400.0,43771.05078125,45063.890625,45239.900390625,44550.5224609375,42982.95921875,44801.49443521473,44891.582688254035,44457.82769332305,44828.28215624951,44186.72872368099,641.5534325685148,763.313607300609,-121.76017473209413,52.20502923661862,44550.5224609375,922.7086420720786,46395.939745081654,42705.105176793346,0.082846044544696,715.4243861607143,0.7050359712230216,25760.0,1.8400621118012421,-4.836854587184202,-2.1133351078406304,1.0129885302629038,44550.5224609375,0.02071151113617404,1,0.9825036467221916,1.0454446028048066,1.0398048653197136,1,0,1342609.12109375,0.0,1342609.12109375,0.0,0.3426091210937501
2024-12-22,44011.5,44267.3984375,43643.94921875,43828.3515625,16400.0,43828.3515625,44698.840625,45139.535546875,44561.0326171875,43017.750234375,44477.11347764316,44698.26793811694,44397.877585625625,44674.44668028805,44160.18226729721,514.2644129908367,713.5037684386546,-199.23935544781784,50.744475760858116,44561.0326171875,912.6720095762913,46386.37663634008,42735.68859803492,0.08192557092801897,730.8493303571429,-0.6540084388185654,25450.0,0.6444007858546169,-3.998041638623462,-2.238687628256597,0.48191666205454897,44561.0326171875,0.020481392732004767,0,0.9835578079847975,1.0142848946969758,1.0041787662773223,0,29,71586.92578125,1271022.1953125,1342609.12109375,0.0,0.3426091210937501
2024-12-23,43897.0,44203.05078125,43262.1015625,43668.8984375,15500.0,43668.8984375,44349.8703125,44986.450390625,44540.180078125,43044.41421875,44207.708464262105,44511.10984709567,44328.45100008985,44519.74695062835,44123.79087249742,395.95607813093375,649.9942303771104,-254.03815224617665,47.13632025332215,44540.180078125,928.721144925565,46397.62236797613,42682.737788273866,0.08340524383121557,752.3099888392857,-0.054878048780487854,23770.0,0.6520824568784181,-3.842121741763227,-3.3868584726685413,-0.9459947866397034,44540.180078125,0.020851310957803862,0,0.9804383000002079,1.0217499655533522,1.0052234329388103,0,0,1342609.12109375,0.0,1342609.12109375,0.0,0.3426091210937501
2024-12-25,43708.19921875,43851.0,43420.8984375,43664.25,100.0,43664.25,43977.35,44817.840234375,44522.4576171875,43060.24421875,44026.555642841406,44357.13532944191,44265.193761986055,44388.132035147064,44089.75080786798,298.38122727908194,579.6716297575047,-281.2904024784227,35.87307753259353,44522.4576171875,942.4761853264137,46407.40998784033,42637.505246534674,0.08467422831237231,705.9815848214286,-0.9935483870967742,21840.0,0.004578754578754579,-4.091215400526849,-3.717945957213331,-0.805224200262189,44522.4576171875,0.02116855707809308,1,0.9807241634195818,1.009905404493624,1.0010065263631003,1,0,1342609.12109375,0.0,1342609.12109375,0.0,0.3426091210937501
2024-12-26,43707.0,43863.6484375,43546.05078125,43721.3984375,15700.0,43721.3984375,43730.78984375,44619.815234375,44560.0900390625,43080.046171875,43924.83657439427,44241.546803634286,44213.403731082624,44285.55763550905,44062.46544709998,223.09218840907124,508.355741487818,-285.2635530787468,37.5955431233796,44560.0900390625,890.7811564302407,46341.65235192298,42778.527726202024,0.07996224026022909,704.9098772321429,156.0,20480.0,0.7666015625,-2.7423484405786236,-4.332994689913916,1.7516181818181709,44560.0900390625,0.019990560065057304,1,0.9811784132207254,1.007293374497849,0.9996706775625994,1,29,74688.56640625,1267920.5546875,1342609.12109375,0.0,0.3426091210937501
2024-12-29,43674.05078125,44175.5,43259.80078125,43971.44921875,41600.0,43971.44921875,43770.86953125,44417.380078125,44601.35,43114.861171875,43940.37412251285,44192.438151837145,44190.3604441938,44237.23326369997,44055.723504259244,181.50975944072707,442.98654507839984,-261.4767856376728,39.615291425748495,44601.35,839.480947908427,46280.31189581685,42922.38810418315,0.07528749223137193,739.1632254464286,1.6496815286624202,22590.0,1.8415227976980966,0.4578332800405205,-4.401166037150983,1.9125630124286586,44601.35,0.018821873057843025,0,0.9858770915846718,1.0211674395677497,0.9932365559292691,0,29,74688.56640625,1275172.02734375,1349860.59375,0.005401030383543448,0.3498605937499999
2024-12-30,43622.3984375,43659.6484375,42574.44921875,43337.80078125,19800.0,43337.80078125,43672.759375,44185.8,44590.8900390625,43126.93015625,43739.5163420919,44037.049539003114,44109.164285818195,44098.85903563075,44002.544043295595,96.31499233515206,373.6522345297503,-277.3372421945982,28.88589250767872,44590.8900390625,854.4789568463358,46299.84795275517,42881.93212536983,0.07665054060125684,799.4059709821429,-0.5240384615384616,23010.0,0.8604954367666232,-1.119254463746977,-5.072547842867681,-0.4803986927916948,44590.8900390625,0.01916263515031423,0,0.9718980882257616,1.025489448217502,1.0065669612006045,0,0,1349860.59375,0.0,1349860.59375,0.0,0.3498605937499999
2025-04-20,33299.6015625,34528.55078125,33283.8515625,34135.05078125,100.0,34135.05078125,33363.810546875,33351.830078125,35104.0248046875,37877.78390625,33578.965311320804,33855.03794066228,34826.15747777994,34041.75620273534,35389.91549727678,-1348.1592945414377,-1383.7727340373365,35.613439495898774,31.42281632155344,35104.0248046875,1901.3894893592053,38906.80378340591,31301.245825969087,0.21665771944250783,1040.7862723214287,-0.998792270531401,41260.0,0.0024236548715462916,4.9748863031832125,-5.921284382019376,-6.7841200765391125,35104.0248046875,0.054164429860626966,0,0.9723970676061022,1.0373964898987944,0.9755251801409681,0,0,1349860.59375,0.0,1349860.59375,0.0,0.3498605937499999
2025-04-21,34075.6015625,34130.30078125,33789.1484375,33941.05078125,37700.0,33941.05078125,33603.85078125,33270.21015625,34989.90234375,37710.319921875,33699.66046796387,33870.67663895096,34741.86160191995,34026.26306096836,35282.59218497849,-1256.3291240101316,-1358.2840120318956,101.95488802176396,29.026520734867603,34989.90234375,1899.1571947789064,38788.21673330781,31191.587954192186,0.21710917351195627,1032.093470982143,376.0,41200.0,0.9150485436893204,3.6657606207364024,-2.3482848002934653,-6.301017899291894,34989.90234375,0.054277293377989075,1,0.9700241643375908,1.0100965061129323,1.0039642491364567,1,0,1349860.59375,0.0,1349860.59375,0.0,0.3498605937499999
2025-04-22,34700.1015625,35522.75,34648.44921875,35414.6484375,71800.0,35414.6484375,34031.7203125,33460.530078125,34926.80234375,37561.40890625,34271.323124475915,34151.39878414169,34805.93653864186,34239.860811203995,35292.374129609714,-1052.5133184057195,-1297.1298733066606,244.61655490094108,42.18201779417777,34926.80234375,1860.7416124605595,38648.28556867112,31205.319118828884,0.213101857324025,1089.2826450892858,0.9045092838196287,44150.0,1.6262740656851642,6.429236118146475,5.679250713171613,-3.440881470264523,34926.80234375,0.05327546433100627,0,1.0139676712728698,1.0252334751183285,0.9798234090545601,0,36,74933.25,1274927.34375,1349860.59375,0.0,0.3498605937499999
2025-04-23,35463.6015625,35572.0,35197.30078125,35307.1015625,43600.0,35307.1015625,34434.040625,33724.36015625,34857.0173828125,37409.784921875,34616.58260381728,34361.52656202502,34853.66654091406,34404.05169601877,35293.46505056455,-889.4133545457807,-1215.5865695544846,326.1732150087039,46.08995985829993,34857.0173828125,1816.2698305335714,38489.55704387964,31224.477721745356,0.2084251570450372,1044.921875,-0.3927576601671309,42890.0,1.0165539752856143,6.041661973840307,8.075903363934422,-3.802704940880175,34857.0173828125,0.05210628926125929,1,1.012912297536663,1.0106456805048416,1.0044325360359294,1,0,1349860.59375,0.0,1349860.59375,0.0,0.3498605937499999
2025-04-24,35487.30078125,35941.44921875,35068.1484375,35562.25,46200.0,35562.25,34872.0203125,33956.1453125,34774.27734375,37260.6109375,34931.80506921152,34579.83991438411,34921.15067987463,34582.23605047742,35313.37504681903,-731.1389963416077,-1118.6970549119094,387.5580585703017,45.789717552618264,34774.27734375,1739.1553147879124,38252.587973325826,31295.966714174174,0.20005077863686993,1078.861049107143,0.059633027522935755,43280.0,1.067467652495379,6.562014167322738,6.972156728471401,-4.44635119256599,34774.27734375,0.05001269465921746,0,1.0226596414487854,1.024902962379278,0.9978924500347981,0,36,69619.59375,1280241.0,1349860.59375,0.0,0.3498605937499999
2025-04-27,35541.55078125,35679.3515625,35089.75,35482.94921875,29000.0,35482.94921875,35141.6,34252.7052734375,34663.0798828125,37111.836953125,35115.51978572435,34744.041606087,34974.65530262466,34720.80730713474,35325.93609659169,-605.1287894569541,-1015.9834018209184,410.8546123639643,55.09735456355347,34663.0798828125,1607.927970543642,37878.93582389978,31447.223941725213,0.18554934829561115,1003.75390625,-0.37229437229437234,41990.0,0.6906406287211241,3.9487225202558873,9.12005327925003,-5.897990317172985,34663.0798828125,0.04638733707390279,1,1.0236525242046952,1.0168026720766035,1.001651541480916,1,0,1349860.59375,0.0,1349860.59375,0.0,0.3498605937499999
2025-04-28,35565.75,36157.19921875,35416.8984375,35920.3984375,33700.0,35920.3984375,35537.46953125,34570.66015625,34592.26484375,36978.31390625,35383.81266964957,34957.924666343904,35064.7260773747,34905.359788729394,35369.97034406638,-464.61055533698527,-905.7088325241318,441.09827718714655,69.08822746491516,34592.26484375,1512.3270498767497,37616.9189435035,31567.610743996505,0.1748745919595363,961.0181361607143,0.16206896551724137,41220.0,0.8175642891800097,5.8317217961426415,9.711259377992953,-3.7933208100483395,34592.26484375,0.043718647989884105,0,1.0383939473101589,1.0209024735058718,0.990126823394872,0,35,92646.6484375,1257213.9453125,1349860.59375,0.0,0.3498605937499999
2025-04-29,35913.69921875,36206.55078125,35440.80078125,35794.94921875,32300.0,35794.94921875,35613.5296875,34822.625,34504.597265625,36854.846875,35520.85818601638,35110.110948599555,35134.271138458054,35042.21970104025,35401.45026070961,-359.230559669355,-796.4131779531765,437.1826182838215,77.94777362517783,34504.597265625,1376.6878285252324,37257.972922675464,31751.22160857454,0.15959471347277523,830.5359933035714,-0.041543026706231445,41300.0,0.7820823244552058,1.073851634927725,7.572128210242268,-4.669589637929894,34504.597265625,0.039898678368193836,1,1.0373965226486066,1.0216064531026376,1.0033175071509195,1,0,1349860.59375,0.0,1349860.59375,0.0,0.3498605937499999
2025-05-01,35868.5,36300.6015625,35637.3984375,35891.8515625,31300.0,35891.8515625,35730.4796875,35082.26015625,34454.882421875,36738.02390625,35644.522644844255,35252.24560567236,35206.421655033475,35172.932295110986,35437.77628306446,-264.8439879534708,-690.0993399532355,425.2553519997647,75.88363614699122,34454.882421875,1302.0909369394665,37059.06429575393,31850.700547996068,0.15116475174650817,801.1897321428571,-0.03095975232198145,40850.0,0.7662178702570379,1.656182394255401,7.797905310026887,-2.6955833480005076,34454.882421875,0.037791187936627064,1,1.0417058204706768,1.0186097513869625,0.9993493909764076,1,35,93645.7890625,1256214.8046875,1349860.59375,0.0,0.3498605937499999
2025-05-04,36042.6015625,36352.3984375,35949.3515625,35991.25,21200.0,35991.25,35816.2796875,35344.15,34455.4125,36631.537890625,35760.09842989617,35386.61004100466,35281.16721169695,35298.827326632374,35478.77433617079,-179.94700953841675,-588.0688738702718,408.121864331855,88.71508890615715,34455.4125,1302.7467567889653,37060.90601357793,31849.918986422068,0.15123856163834526,759.50390625,-0.3226837060702875,34690.0,0.6111271259729029,1.2063353696686763,7.847509434854505,0.029464623236052923,34455.4125,0.037809640409586315,0,1.0445746368585778,1.0112115200269824,1.0014267790782483,0,35,93645.7890625,1259693.75,1353339.5390625,0.0025772626659432696,0.3533395390624998
2025-05-05,36129.30078125,36314.19921875,35778.80078125,35869.19921875,21800.0,35869.19921875,35893.5296875,35517.56484375,34434.6974609375,36522.69890625,35796.46535951411,35474.353527867446,35337.17025998772,35386.576848496625,35507.694697843326,-121.1178493467014,-494.67866896555773,373.5608196188563,85.67066774811227,34434.6974609375,1275.149936607035,36984.99733415157,31884.397587723433,0.14812384375423152,748.2144252232143,0.028301886792452935,36860.0,0.5914270211611503,1.0885510040859137,5.08025738298461,-1.1418434860198112,34434.6974609375,0.037030960938557886,1,1.0416586136538526,1.0149641247277517,1.0072513902781537,1,0,1353339.5390625,0.0,1353339.5390625,0.0,0.3533395390624998
2025-05-06,35479.1015625,36042.25,35440.6484375,35920.30078125,24900.0,35920.30078125,35893.51015625,35715.48984375,34492.85,36419.6409375,35837.74383342608,35555.43484666427,35392.70650010794,35468.688222766374,35538.25811142901,-69.56988866263418,-409.65691290497307,340.0870242423389,83.89552217886055,34492.85,1316.4842051270132,37125.818410254025,31859.88158974597,0.15266748965388635,735.4860491071429,0.14220183486238525,35580.0,0.6998313659359191,-0.000271868504386763,5.831434073023445,3.3462105927540398,34492.85,0.03816687241347158,1,1.0413839616398761,1.0169749028029476,0.9877172738213734,1,35,96129.01171875,1257210.52734375,1353339.5390625,0.0,0.3533395390624998
2025-05-07,35960.94921875,36240.25,35832.80078125,36002.44921875,30700.0,36002.44921875,35935.01015625,35774.269921875,34617.4,36310.402890625,35892.645628534054,35636.71018704349,35450.77723521671,35550.805299071544,35572.64263789723,-21.837338825687766,-332.09299808911607,310.2556592634283,84.14722482563693,34617.4,1336.4322268527565,37290.26445370552,31944.53554629449,0.15442317757575746,727.482421875,0.23293172690763053,31470.0,0.9755322529393072,0.5796907232132886,1.65976737644975,7.433280440185386,34617.4,0.03860579439393936,0,1.0400102035031515,1.0113708448646639,0.9988473006448021,0,35,96129.01171875,1260085.72265625,1356214.734375,0.002124518814023313,0.35621473437499973
2025-05-08,35490.8984375,35929.30078125,35488.3984375,35880.1015625,22100.0,35880.1015625,35932.66015625,35831.569921875,34777.9650390625,36209.519921875,35888.46427318937,35680.96316439922,35491.665266386546,35601.466262675924,35595.417373052995,6.048889622928982,-264.46462054670707,270.51351016963605,81.27540581093984,34777.9650390625,1281.7899599611271,37341.544958984756,32214.38511914025,0.1474255274592891,692.7287946428571,-0.28013029315960913,29320.0,0.7537517053206003,-0.03273723557989383,1.622902970343465,9.829870409853235,34777.9650390625,0.0368563818648223,1,1.031690655913869,1.0124238445002383,0.9891526749353805,1,0,1356214.734375,0.0,1356214.734375,0.0,0.35621473437499973
2025-05-11,36656.6484375,38356.1015625,36600.75,38282.55078125,43200.0,38282.55078125,36390.9203125,36103.6,35029.87265625,36157.851953125,36686.49310920958,36153.97909473572,35757.46388684973,36013.940803995014,35794.4642921787,219.47651181631227,-167.6763940741032,387.15290589041547,86.71074796212751,35029.87265625,1448.7357515517526,37927.34415935351,32132.401153146497,0.16542860612349627,780.6788504464286,0.9547511312217194,29020.0,1.4886285320468642,6.366271750078134,7.6494057075972455,15.154890990798965,35029.87265625,0.04135715153087405,0,1.092854409061623,1.0479594424294585,0.9575288921305021,0,33,92890.55859375,1263324.17578125,1356214.734375,0.0,0.35621473437499973
2025-05-12,38326.3984375,38326.3984375,37304.94921875,37354.6015625,36600.0,37354.6015625,36688.00078125,36290.765234375,35271.73525390625,36094.05296875,36909.19592697306,36372.27408887468,35909.572236911656,36220.19630530347,35910.0300159062,310.166289397268,-72.10785737982897,382.2741467770969,76.74006292506704,35271.73525390625,1410.4779403158652,38092.69113453798,32450.77937327452,0.15995560526437758,828.9321986607143,-0.1527777777777778,29780.0,1.229012760241773,4.141163940380177,5.2747936261199335,14.87591089444258,35271.73525390625,0.03998890131609441,1,1.0590519942838106,1.0273810644469825,1.0260154528318026,1,0,1356214.734375,0.0,1356214.734375,0.0,0.35621473437499973
2025-05-13,37480.6015625,37913.80078125,37379.1484375,37853.55078125,22000.0,37853.55078125,37074.65078125,36484.08046875,35527.3703125,36062.191953125,37223.98087839871,36641.59712385201,36094.71305065817,36471.481609295246,36053.99451704278,417.4870922524642,25.811132546629665,391.67595970583454,72.54822509546788,35527.3703125,1390.8141498706973,38308.9986122414,32745.74201275861,0.1565907228862758,755.896484375,-0.3989071038251366,28610.0,0.7689619014330653,5.382054041733242,5.381767541119031,15.615664324150691,35527.3703125,0.03914768072156895,1,1.065475728946129,1.0143034918156033,0.9901475763553803,1,34,69194.0078125,1287020.7265625,1356214.734375,0.0,0.35621473437499973
2025-05-14,37929.1015625,38377.3515625,37456.75,38293.80078125,37300.0,38293.80078125,37532.92109375,36733.965625,35778.2953125,36045.441953125,37580.587512682476,36941.99778883346,36304.1499773812,36751.83840498059,36219.90609216924,531.9323128113465,127.03536859957303,404.8969442117735,76.01248988717867,35778.2953125,1415.6079081454416,38609.51112879088,32947.07949620912,0.15826443331422385,794.8895089285714,0.6954545454545455,29110.0,1.2813466162830642,6.364432454519431,6.981017202256745,15.081756985432971,35778.2953125,0.03956610832855598,0,1.0703081420391527,1.0245777213052387,0.9904762856830714,0,34,69194.0078125,1301989.2265625,1371183.234375,0.011036969014274867,0.37118323437499967
2025-05-15,38351.8984375,38351.8984375,37814.8984375,37972.3515625,18000.0,37972.3515625,37951.37109375,36942.015625,36012.137890625,36025.956015625,37711.17552928832,37129.334838591014,36463.02631882109,36939.60965998357,36349.7168677493,589.89279223427,219.60685332651244,370.28593890775755,70.75099452322752,36012.137890625,1369.4204014065997,38750.9786934382,33273.29708781181,0.15210653758638393,770.8680245535714,-0.517426273458445,27780.0,0.6479481641468683,5.831226526367228,5.796580308422206,14.0464974621195,36012.137890625,0.038026634396596024,0,1.0544320272744845,1.0142007521423744,1.0099953481778785,0,0,1371183.234375,0.0,1371183.234375,0.0,0.37118323437499967
2025-05-18,37845.6015625,37917.19921875,37429.6015625,37477.80078125,21700.0,37477.80078125,37790.42109375,37090.670703125,36217.4103515625,36029.146015625,37633.38394660888,37192.69228271083,36559.67150571908,37022.408294024564,36433.27863911972,589.129654904842,293.51141364217835,295.6182412626637,66.02948248088762,36217.4103515625,1255.8891307586478,38729.1886130798,33705.632090045205,0.13870556934554182,767.521484375,0.2055555555555555,27830.0,0.7797340998922027,-2.1021326520231476,4.130311620880067,12.301947649872025,36217.4103515625,0.03467639233638541,0,1.0348006778356842,1.0130270597573905,1.0098138304164852,0,0,1371183.234375,0.0,1371183.234375,0.0,0.37118323437499967
2025-05-19,37722.19921875,38019.05078125,37234.19921875,37283.5,25400.0,37283.5,37776.20078125,37232.10078125,36374.8328125,36022.52703125,37516.75596440592,37209.202776763406,36628.60755279346,37062.576248790014,36496.25799918493,566.3182496050867,348.07278083476007,218.24546877032668,61.39851048539884,36374.8328125,1175.9113330492085,38726.65547859841,34023.01014640158,0.12931043165043632,770.7036830357143,0.17050691244239635,28190.0,0.9010287335934729,-0.19034217881038762,3.9429393798975587,9.22350823183602,36374.8328125,0.032327607912609115,1,1.0249806560537027,1.0210787818448577,1.0117665782115413,1,0,1371183.234375,0.0,1371183.234375,0.0,0.37118323437499967
2025-05-21,37418.25,37618.8984375,37112.6015625,37504.94921875,0.0,37504.94921875,37706.48046875,37390.565625,36553.027734375,36027.08703125,37512.820382520615,37262.9748571246,36712.06866383694,37130.63362878386,36570.975867300855,559.6577614830021,390.3897769644085,169.2679845185936,64.07338633142928,36553.027734375,1051.0992069227016,38655.226148220405,34450.82932052959,0.11502184875746796,752.1713169642857,-1.0,25700.0,0.0,-0.9209216977147383,4.411567840565445,10.500259583798144,36553.027734375,0.028755462189366945,0,1.0260422061694168,1.0136421822692048,0.9976883259261512,0,34,96014.9609375,1275168.2734375,1371183.234375,0.0,0.37118323437499967
